name,address,coordinates,rating,reviews,categories,avg_bill,cuisine,assortment,photo_url,route_duration
"The бык, демократичный мясной ресторан","Невский проспект, 55","{'lat': 59.932201, 'lon': 30.350266}",4.5,1231.0,['Рестораны'],Средний чек 700 ₽,['Европейская кухня'],"['Пицца', 'Шашлык', 'Бургеры', 'Стейки', 'Том-Ям', 'Салаты', 'Супы', 'Колбаски']",['https://i0.photo.2gis.com/main/branch/38/70000001080169041/common'],21.0
"Commode, бар-ресторан","Невский проспект, 47","{'lat': 59.932556, 'lon': 30.347396}",4.5,1748.0,"['Рестораны', 'Бары', 'Караоке-залы', 'Банкетные залы', 'Ночные клубы']",Средний чек 1500 ₽,"['Итальянская кухня', 'Японская кухня', 'Европейская кухня']","['Стейки', 'Салаты', 'Супы', 'Мидии']","['https://i7.photo.2gis.com/main/branch/38/70000001021049341/common', 'https://i7.photo.2gis.com/main/geo/38/5348660212672196/view']",22.7
"Пища династии Минь, китайская закусочная и бар","Короленко, 14","{'lat': 59.942488, 'lon': 30.350266}",4.2,78.0,"['Рестораны', 'Бары', 'Кафе']",Средний чек 1700 ₽,['Китайская кухня'],"['Лапша wok', 'Рис wok', 'Салаты', 'Супы']","['https://i9.photo.2gis.com/main/branch/38/70000001089635797/common', 'https://i9.photo.2gis.com/main/geo/38/5348660212702062/view']",15.0
"Salone pasta&bar, итальянский ресторан","набережная реки Фонтанки, 30","{'lat': 59.938734, 'lon': 30.34345}",4.2,177.0,"['Рестораны', 'Бары', 'Доставка еды']",Средний чек 3500 ₽,['Итальянская кухня'],"['Пицца', 'Стейки', 'Салаты', 'Супы', 'Начос', 'Мидии']","['https://i5.photo.2gis.com/main/branch/38/70000001045474668/common', 'https://i6.photo.2gis.com/main/geo/38/5348660212697178/view']",19.2
"Тартарбар, ресторан","Виленский переулок, 15","{'lat': 59.940025, 'lon': 30.365968}",4.6,503.0,['Рестораны'],Средний чек 2000 ₽,['Авторская кухня'],"['Стейки', 'Салаты', 'Супы', 'Блюда на гриле']","['https://i8.photo.2gis.com/main/branch/38/70000001019987759/common', 'https://i4.photo.2gis.com/main/geo/38/5348660212705646/view']",2.7
"Joli Grand Bistrot, ресторан","Восстания, 45 лит Б","{'lat': 59.941516, 'lon': 30.361663}",4.1,72.0,"['Рестораны', 'Пекарни']",Средний чек 3500 ₽,"['Русская кухня', 'Французская кухня', 'Средиземноморская кухня']","['Бургеры', 'Стейки', 'Салаты', 'Устрицы']","['https://i3.photo.2gis.com/main/branch/38/70000001071586289/common', 'https://i9.photo.2gis.com/main/geo/38/5348660212706266/view']",6.7
"Bourgeois Bohemians, ав﻿торский ресторан братьев Гребенщиковых","Виленский переулок, 15","{'lat': 59.940051, 'lon': 30.364366}",4.7,115.0,['Рестораны'],Средний чек 2300 ₽,"['Европейская кухня', 'Французская кухня', 'Авторская кухня']","['Салаты', 'Супы']","['https://i9.photo.2gis.com/main/branch/38/70000001031994291/common', 'https://i4.photo.2gis.com/main/geo/38/5348660212705646/view']",3.7
"Flori, итальянское бистро","Суворовский проспект, 47","{'lat': 59.939801, 'lon': 30.377878}",4.7,74.0,"['Рестораны', 'Доставка еды']",Средний чек 1800 ₽,"['Итальянская кухня', 'Авторская кухня']","['Пицца', 'Стейки', 'Салаты']","['https://i6.photo.2gis.com/main/branch/38/70000001088777525/common', 'https://i4.photo.2gis.com/main/geo/38/5348660212709941/view']",8.8
"Траппист, бельгийская брассерия","Радищева, 36","{'lat': 59.94156, 'lon': 30.363407}",4.8,408.0,"['Рестораны', 'Бары', 'Доставка еды']",Средний чек 2000 ₽,['Французская кухня'],"['Стейки', 'Фо-бо', 'Салаты', 'Супы', 'Блюда на гриле', 'Куриные крылышки', 'Колбаски', 'Устрицы']","['https://i2.photo.2gis.com/main/branch/38/5348553838529810/common', 'https://i0.photo.2gis.com/main/geo/38/5348660212804655/view']",5.6
"Duo, гастробар","Кирочная улица, 8 лит Б","{'lat': 59.944207, 'lon': 30.351734}",4.7,565.0,['Рестораны'],Средний чек 1500 ₽,['Европейская кухня'],"['Салаты', 'Супы']","['https://i5.photo.2gis.com/main/branch/38/5348553839006429/common', 'https://i4.photo.2gis.com/main/geo/38/5348660212794295/view']",16.0
"Osteria Betulla, остерия","Греческий проспект, 29","{'lat': 59.938664, 'lon': 30.370265}",4.3,167.0,['Рестораны'],Средний чек 1250 ₽,"['Итальянская кухня', 'Авторская кухня']","['Пицца', 'Супы', 'Римская пицца']","['https://i2.photo.2gis.com/main/branch/38/70000001050842811/common', 'https://i8.photo.2gis.com/main/geo/38/5348660212708348/view']",3.0
"Токио-City, городские рестораны","Невский проспект, 71","{'lat': 59.93138, 'lon': 30.354791}",4.3,1153.0,"['Рестораны', 'Суши-бары', 'Доставка еды']",Средний чек 900 ₽,"['Итальянская кухня', 'Азиатская кухня']","['Суши', 'Шаурма', 'Пицца', 'Лапша wok', 'Пельмени', 'Рамен', 'Рис wok', 'Поке', 'Стейки', 'Том-Ям', 'Салаты', 'Закрытая пицца', 'Онигири', 'Супы', 'Пита', 'Блюда на гриле', 'Буррито', 'Куриные крылышки', 'Наггетсы', 'Кесадилья', 'Мидии']",['https://i7.photo.2gis.com/main/branch/38/70000001047071973/common'],18.7
"Квартира 8, ресторан-музей","Невский проспект, 71","{'lat': 59.93117, 'lon': 30.354733}",3.4,205.0,"['Рестораны', 'Бары', 'Кафе']",Средний чек 1500 ₽,['Авторская кухня'],"['Рамен', 'Стейки', 'Том-Ям', 'Салаты', 'Супы', 'Блюда на гриле', 'Куриные крылышки', 'Боулы']",['https://i7.photo.2gis.com/main/branch/38/70000001024383691/common'],18.6
"Giallo, ресторан","Восстания, 16","{'lat': 59.936867, 'lon': 30.360084}",4.7,87.0,"['Рестораны', 'Доставка еды']",Средний чек 1500 ₽,['Итальянская кухня'],"['Пицца', 'Салаты', 'Супы']","['https://i9.photo.2gis.com/main/branch/38/70000001059828851/common', 'https://i4.photo.2gis.com/main/geo/38/5348660212699011/view']",9.7
"Мидийное место, ресторан морепродуктов","Невский проспект, 65","{'lat': 59.931838, 'lon': 30.353165}",4.2,191.0,['Рестораны'],Средний чек 1100 ₽,['Средиземноморская кухня'],"['Рамен', 'Стейки', 'Том-Ям', 'Салаты', 'Супы', 'Блюда на гриле', 'Мидии', 'Устрицы']","['https://i3.photo.2gis.com/main/branch/38/70000001083532690/common', 'https://i9.photo.2gis.com/main/geo/38/5348660212721461/view']",19.1
"Zavod bar, интеллигентный гастрономический бар-ресторан","улица Некрасова, 40","{'lat': 59.938832, 'lon': 30.361375}",4.6,109.0,"['Рестораны', 'Бары']",Средний чек 2200 ₽,"['Русская кухня', 'Европейская кухня', 'Авторская кухня']","['Бургеры', 'Пельмени', 'Стейки', 'Салаты', 'Вареники', 'Супы', 'Блюда на гриле', 'Куриные крылышки', 'Колбаски']","['https://i7.photo.2gis.com/main/branch/38/70000001056051359/common', 'https://i3.photo.2gis.com/main/geo/38/5348660212705775/view']",6.9
"United butchers, мясной бар-ресторан","Восстания, 26","{'lat': 59.939124, 'lon': 30.360232}",4.6,351.0,"['Рестораны', 'Бары']",Средний чек 1600 ₽,"['Европейская кухня', 'Американская кухня']","['Бургеры', 'Стейки', 'Люля-кебаб', 'Салаты', 'Супы', 'Блюда на гриле', 'Куриные крылышки']","['https://i7.photo.2gis.com/main/branch/38/70000001023948215/common', 'https://i4.photo.2gis.com/main/geo/38/5348660212697741/view']",7.2
"Animals, сезонный ресторан с собственной фермой, хлебным и сырным производством","улица Некрасова, 60","{'lat': 59.938392, 'lon': 30.368118}",4.2,164.0,"['Рестораны', 'Бары']",Средний чек 2400 ₽,['Авторская кухня'],"['Фалафель', 'Салаты', 'Супы']","['https://i6.photo.2gis.com/main/branch/38/70000001037600412/common', 'https://i2.photo.2gis.com/main/geo/38/5348660212707929/view']",4.2
"Mia Strada, ресторан","Восстания, 19","{'lat': 59.935464, 'lon': 30.360456}",4.5,2.0,['Рестораны'],Средний чек 2500 ₽,['Итальянская кухня'],"['Пицца', 'Салаты', 'Супы', 'Пицца на дровах', 'Устрицы']","['https://i9.photo.2gis.com/main/branch/38/70000001096841051/common', 'https://i7.photo.2gis.com/main/geo/38/5348660212704385/view']",11.8
"Эхо, ресторан","Восстания, 33","{'lat': 59.938348, 'lon': 30.360646}",4.5,78.0,['Рестораны'],Средний чек 2300 ₽,['Авторская кухня'],"['Стейки', 'Салаты', 'Супы']","['https://i3.photo.2gis.com/main/branch/38/70000001087684036/common', 'https://i0.photo.2gis.com/main/geo/38/5348660212705437/view']",8.0
"Gustogram, современный гастрономический ресторан","Невский проспект, 61","{'lat': 59.931963, 'lon': 30.352171}",4.8,818.0,"['Рестораны', 'Банкетные залы', 'Доставка еды', 'Бары']",Средний чек 1300 ₽,"['Итальянская кухня', 'Европейская кухня', 'Авторская кухня']","['Бургеры', 'Лапша wok', 'Рамен', 'Стейки', 'Том-Ям', 'Салаты', 'Супы', 'Блюда на гриле', 'Устрицы']","['https://i3.photo.2gis.com/main/branch/38/70000001030958735/common', 'https://i1.photo.2gis.com/main/geo/38/5348660212721463/view']",19.8
"Police Station, джаз-клуб","Невский проспект, 90-92 лит Б","{'lat': 59.932677, 'lon': 30.353348}",4.1,108.0,"['Рестораны', 'Бары']",Средний чек 1200 ₽,"['Русская кухня', 'Европейская кухня', 'Американская кухня']","['Стейки', 'Салаты', 'Блюда на гриле']","['https://i8.photo.2gis.com/main/branch/38/70000001027400103/common', 'https://i9.photo.2gis.com/main/geo/38/70030076153474366/view']",18.2
"Italy, ресторан","Виленский переулок, 15","{'lat': 59.940058, 'lon': 30.363879}",4.6,354.0,"['Рестораны', 'Доставка еды']",Средний чек 2000 ₽,['Итальянская кухня'],"['Пицца', 'Стейки', 'Салаты', 'Супы', 'Блюда на гриле', 'Фиш энд чипс', 'Наггетсы']","['https://i8.photo.2gis.com/main/branch/38/70000001037993758/common', 'https://i4.photo.2gis.com/main/geo/38/5348660212705646/view']",4.1
"Токио-City, городские рестораны","Невский проспект, 90-92 лит А","{'lat': 59.932334, 'lon': 30.352081}",4.5,1087.0,"['Рестораны', 'Суши-бары', 'Доставка еды']",Средний чек 900 ₽,['Японская кухня'],"['Суши', 'Пицца', 'Лапша wok', 'Рис wok', 'Том-Ям', 'Салаты', 'Супы', 'Блюда на гриле']","['https://i3.photo.2gis.com/main/branch/38/70000001021261064/common', 'https://i9.photo.2gis.com/main/geo/38/70030076153476591/view']",19.4
"Self Edge Japanese, современный японский ресторан","Радищева, 34","{'lat': 59.941324, 'lon': 30.363387}",4.9,75.0,['Рестораны'],Средний чек 5000 ₽,['Японская кухня'],"['Суши', 'Салаты', 'Супы', 'Блюда на гриле', 'Гёдза', 'Устрицы']","['https://i8.photo.2gis.com/main/branch/38/70000001052525170/common', 'https://i1.photo.2gis.com/main/geo/38/5348660212706246/view']",5.3
"Блок, мясной ресторан","Потёмкинская улица, 4","{'lat': 59.945841, 'lon': 30.36817}",4.4,96.0,['Рестораны'],Средний чек 4500 ₽,"['Русская кухня', 'Европейская кухня']","['Бургеры', 'Пельмени', 'Стейки', 'Том-Ям', 'Салаты', 'Супы', 'Блюда на гриле']",['https://i7.photo.2gis.com/main/branch/38/70000001020080231/common'],9.9
"Чайхона, ресторан","Невский проспект, 90-92 лит Б","{'lat': 59.932245, 'lon': 30.352772}",4.4,932.0,"['Рестораны', 'Бары', 'Доставка еды']",Средний чек 1500 ₽,['Восточная кухня'],"['Шашлык', 'Хинкали', 'Манты', 'Стейки', 'Том-Ям', 'Люля-кебаб', 'Лагман', 'Супы', 'Блюда на гриле', 'Плов']","['https://i3.photo.2gis.com/main/branch/38/70000001069470921/common', 'https://i9.photo.2gis.com/main/geo/38/70030076153474366/view']",19.1
"Москва, ресторан","Невский проспект, 114-116","{'lat': 59.931595, 'lon': 30.359439}",3.5,276.0,['Рестораны'],Средний чек 2500 ₽,"['Японская кухня', 'Паназиатская кухня', 'Европейская кухня']","['Суши', 'Шаурма', 'Пицца', 'Шашлык', 'Бургеры', 'Хинкали', 'Лапша wok', 'Пельмени', 'Рамен', 'Рис wok', 'Поке', 'Стейки', 'Том-Ям', 'Люля-кебаб', 'Салаты', 'Хачапури', 'Вареники', 'Супы', 'Блюда на гриле', 'Куриные крылышки', 'Наггетсы', 'Боулы', 'Колбаски', 'Гёдза', 'Мидии', 'Корюшка', 'Устрицы']",['https://i0.photo.2gis.com/main/branch/38/70000001024488120/common'],15.3
"Сыроварня, ресторан","Лиговский проспект, 30","{'lat': 59.928439, 'lon': 30.360412}",4.8,1060.0,"['Рестораны', 'Доставка еды']",Средний чек 2500 ₽,"['Итальянская кухня', 'Домашняя кухня']","['Пицца', 'Шашлык', 'Стейки', 'Люля-кебаб', 'Салаты', 'Вареники', 'Супы', 'Пицца на дровах', 'Блюда на гриле', 'Корюшка']",['https://i9.photo.2gis.com/main/branch/38/70000001066672131/common'],18.4
"Мясная лавка, гриль-бар","улица Белинского, 6","{'lat': 59.938357, 'lon': 30.347021}",4.1,215.0,"['Рестораны', 'Доставка еды']",Средний чек 2000 ₽,['Американская кухня'],"['Бургеры', 'Стейки', 'Блюда на гриле']","['https://i1.photo.2gis.com/main/branch/38/70000001030689015/common', 'https://i7.photo.2gis.com/main/geo/38/5348660212694437/view']",16.7
"meal, ресторан","Литейный проспект, 17/19","{'lat': 59.943771, 'lon': 30.347691}",4.6,143.0,['Рестораны'],Средний чек 2200 ₽,['Авторская кухня'],"['Салаты', 'Супы']","['https://i5.photo.2gis.com/main/branch/38/70000001035611895/common', 'https://i7.photo.2gis.com/main/geo/38/5348660212700301/view']",18.5
"Le courage, ресторан","Басков переулок, 2 ст1","{'lat': 59.93973, 'lon': 30.352672}",4.1,115.0,['Рестораны'],Средний чек 1500 ₽,"['Русская кухня', 'Французская кухня']","['Пельмени', 'Стейки', 'Салаты', 'Вареники', 'Супы']","['https://i4.photo.2gis.com/main/branch/38/70000001036324049/common', 'https://i5.photo.2gis.com/main/geo/38/5348660241861477/view']",11.5
"Брюссель. Original Belgian, паб","Восстания, 20","{'lat': 59.937747, 'lon': 30.36014}",4.7,175.0,"['Рестораны', 'Бары', 'Доставка еды']",Средний чек 2500 ₽,['Европейская кухня'],"['Стейки', 'Салаты', 'Супы', 'Блюда на гриле', 'Куриные крылышки', 'Фиш энд чипс', 'Колбаски', 'Мидии', 'Устрицы']","['https://i9.photo.2gis.com/main/branch/38/70000001006328517/common', 'https://i7.photo.2gis.com/main/geo/38/5348660212698389/view']",8.9
"Regions, ресторан","Жуковского, 10","{'lat': 59.936061, 'lon': 30.352588}",4.9,119.0,"['Рестораны', 'Бары']",Средний чек 1900 ₽,"['Русская кухня', 'Европейская кухня', 'Авторская кухня']","['Манты', 'Стейки', 'Салаты', 'Супы']","['https://i5.photo.2gis.com/main/branch/38/70000001075540722/common', 'https://i8.photo.2gis.com/main/geo/38/5348660212700335/view']",15.7
"Mr.Bo, ресторан","Манежный переулок, 2","{'lat': 59.943323, 'lon': 30.350679}",4.4,107.0,['Рестораны'],Средний чек 3000 ₽,"['Азиатская кухня', 'Паназиатская кухня', 'Авторская кухня']","['Суши', 'Рамен', 'Фо-бо', 'Салаты', 'Супы', 'Устрицы']","['https://i8.photo.2gis.com/main/branch/38/70000001031751992/common', 'https://i0.photo.2gis.com/main/geo/38/5348660212692838/view']",15.4
"Italiani, ресторан","Невский проспект, 65","{'lat': 59.931805, 'lon': 30.353427}",4.3,607.0,"['Рестораны', 'Кафе']",Средний чек 1000 ₽,['Итальянская кухня'],"['Пицца', 'Салаты', 'Супы', 'Римская пицца']","['https://i8.photo.2gis.com/main/branch/38/70000001033043004/common', 'https://i9.photo.2gis.com/main/geo/38/5348660212721461/view']",19.0
"Корчма сало, ресторан","Литейный проспект, 36","{'lat': 59.93915, 'lon': 30.348586}",4.3,465.0,"['Рестораны', 'Доставка еды', 'Кафе']",Средний чек 1500 ₽,['Украинская кухня'],"['Шашлык', 'Пельмени', 'Салаты', 'Вареники', 'Супы', 'Блюда на гриле', 'Куриные крылышки', 'Колбаски']","['https://i2.photo.2gis.com/main/branch/38/5348552838504322/common', 'https://i0.photo.2gis.com/main/geo/38/5348660212701370/view']",14.7
"Чешская пивница, пивной ресторан","улица Белинского, 13","{'lat': 59.938145, 'lon': 30.347391}",3.6,90.0,"['Рестораны', 'Бары']",Средний чек 3000 ₽,['Европейская кухня'],"['Пицца', 'Шашлык', 'Бургеры', 'Стейки', 'Люля-кебаб', 'Салаты', 'Супы', 'Блюда на гриле', 'Куриные крылышки', 'Начос', 'Колбаски', 'Мидии']","['https://i5.photo.2gis.com/main/branch/38/70000001027707902/common', 'https://i8.photo.2gis.com/main/geo/38/5348660212693242/view']",16.7
"Хачо и Пури, грузинский ресторан","Лиговский проспект, 29","{'lat': 59.933484, 'lon': 30.362088}",4.7,1197.0,"['Рестораны', 'Доставка еды']",Средний чек 1900 ₽,['Грузинская кухня'],"['Шашлык', 'Хинкали', 'Люля-кебаб', 'Салаты', 'Хачапури', 'Супы', 'Блюда на гриле']","['https://i7.photo.2gis.com/main/branch/38/70000001031692708/common', 'https://i6.photo.2gis.com/main/geo/38/5348660212704078/view']",11.7
"Палкинъ, ресторан русской кухни","Невский проспект, 47","{'lat': 59.932567, 'lon': 30.347305}",4.7,59.0,"['Рестораны', 'Кейтеринг']",Средний чек 4500 ₽,"['Русская кухня', 'Французская кухня', 'Авторская кухня']","['Пельмени', 'Стейки', 'Салаты', 'Супы', 'Блюда на гриле', 'Корюшка', 'Устрицы']","['https://i7.photo.2gis.com/main/branch/38/5348552839303460/common', 'https://i7.photo.2gis.com/main/geo/38/5348660212672196/view']",22.8
"Birch, ресторан","Кирочная улица, 3","{'lat': 59.943901, 'lon': 30.350934}",4.1,266.0,['Рестораны'],Средний чек 1500 ₽,"['Европейская кухня', 'Авторская кухня']","['Стейки', 'Супы']","['https://i5.photo.2gis.com/main/branch/38/70000001030414112/common', 'https://i7.photo.2gis.com/main/geo/38/5348660212692844/view']",16.5
"Meze, ресторан","Невский проспект, 140","{'lat': 59.929639, 'lon': 30.368877}",4.2,47.0,['Рестораны'],Средний чек 2200 ₽,"['Восточная кухня', 'Турецкая кухня', 'Средиземноморская кухня']","['Пицца', 'Бургеры', 'Стейки', 'Люля-кебаб', 'Салаты', 'Супы', 'Блюда на гриле', 'Куриные крылышки', 'Наггетсы']","['https://i2.photo.2gis.com/main/branch/38/70000001089561116/common', 'https://i5.photo.2gis.com/main/geo/38/5348660212705500/view']",17.2
"Mama roma, ресторан итальянской кухни","Невский проспект, 142","{'lat': 59.929516, 'lon': 30.369556}",4.6,1358.0,"['Рестораны', 'Доставка еды']",Средний чек 1000 ₽,['Итальянская кухня'],"['Пицца', 'Стейки', 'Салаты', 'Закрытая пицца', 'Супы', 'Блюда на гриле']","['https://i9.photo.2gis.com/main/branch/38/5348552840600745/common', 'https://i7.photo.2gis.com/main/geo/38/5348660212705782/view']",17.7
"Гастрономика по-новому, панорамный ресторан","улица Марата, 5-7","{'lat': 59.930322, 'lon': 30.35441}",4.4,199.0,"['Рестораны', 'Бары']",Средний чек 2000 ₽,"['Итальянская кухня', 'Японская кухня', 'Европейская кухня']","['Суши', 'Пицца', 'Том-Ям', 'Салаты', 'Супы', 'Блюда на гриле', 'Боулы']",['https://i2.photo.2gis.com/main/branch/38/70000001075790878/common'],19.5
"Pro.Хинкали, ресторан грузинской кухни","Лиговский проспект, 30","{'lat': 59.927913, 'lon': 30.361247}",4.9,464.0,"['Рестораны', 'Доставка еды']",Средний чек 1250 ₽,['Грузинская кухня'],"['Хинкали', 'Салаты', 'Хачапури', 'Супы']",['https://i5.photo.2gis.com/main/branch/38/70000001093460002/common'],29.8
"Мама на даче, семейный ресторан домашней кухни","Невский проспект, 106","{'lat': 59.931732, 'lon': 30.356891}",4.4,1032.0,"['Рестораны', 'Бары', 'Доставка еды']",Средний чек 1300 ₽,"['Русская кухня', 'Европейская кухня', 'Домашняя кухня']","['Хинкали', 'Пельмени', 'Стейки', 'Салаты', 'Хачапури', 'Вареники', 'Супы', 'Блюда на гриле', 'Куриные крылышки']","['https://i4.photo.2gis.com/main/branch/38/70000001044719060/common', 'https://i1.photo.2gis.com/main/geo/38/5348660212703195/view']",16.6
"Chicko-вкус Кореи, кафе корейского стритфуда","Невский проспект, 142","{'lat': 59.929806, 'lon': 30.36941}",4.4,56.0,['Кафе'],Средний чек 1000 ₽,['Корейская кухня'],,"['https://i6.photo.2gis.com/main/branch/38/70000001096237998/common', 'https://i7.photo.2gis.com/main/geo/38/5348660212705782/view']",17.1
"Aster, городское кафе","Маяковского, 23","{'lat': 59.939668, 'lon': 30.355489}",4.1,316.0,"['Кафе', 'Пекарни']",Средний чек 700 ₽,['Европейская кухня'],"['Салаты', 'Супы']","['https://i0.photo.2gis.com/main/branch/38/70000001054727024/common', 'https://i9.photo.2gis.com/main/geo/38/5348660212697164/view']",9.6
"Italia, семейное кафе","проспект Бакунина, 5","{'lat': 59.929845, 'lon': 30.374958}",4.2,818.0,"['Кафе', 'Доставка еды']",Средний чек 1200 ₽,['Итальянская кухня'],"['Пицца', 'Салаты', 'Супы', 'Блюда на гриле']",['https://i4.photo.2gis.com/main/branch/38/5348552838596842/common'],18.2
"Пища династии Минь, китайская закусочная и бар","Короленко, 14","{'lat': 59.942488, 'lon': 30.350266}",4.2,78.0,"['Кафе', 'Бары', 'Рестораны']",Средний чек 1700 ₽,['Китайская кухня'],"['Лапша wok', 'Рис wok', 'Салаты', 'Супы']","['https://i9.photo.2gis.com/main/branch/38/70000001089635797/common', 'https://i9.photo.2gis.com/main/geo/38/5348660212702062/view']",15.0
"Chang x Kuta, кафе аутентичной тайской кухни","улица Некрасова, 1/38","{'lat': 59.938897, 'lon': 30.349258}",4.6,450.0,"['Кафе', 'Доставка еды']",Средний чек 1200 ₽,['Тайская кухня'],"['Суши', 'Лапша wok', 'Рамен', 'Рис wok', 'Поке', 'Том-Ям', 'Салаты', 'Супы', 'Гёдза']","['https://i4.photo.2gis.com/main/branch/38/70000001065161765/common', 'https://i9.photo.2gis.com/main/geo/38/5348660212700439/view']",14.5
"Ivory Garden, кафе","8-я Советская улица, 9-13","{'lat': 59.937043, 'lon': 30.372422}",3.9,203.0,"['Кафе', 'Доставка еды']",Средний чек 1000 ₽,['Авторская кухня'],"['Салаты', 'Вареники', 'Блюда на гриле']","['https://i0.photo.2gis.com/main/branch/38/70000001065112882/common', 'https://i1.photo.2gis.com/main/geo/38/5348660212708242/view']",5.9
"Jisco, кей-поп кафе","Лиговский проспект, 30","{'lat': 59.928314, 'lon': 30.359906}",4.2,303.0,['Кафе'],Средний чек 1300 ₽,['Корейская кухня'],"['Рамен', 'Салаты', 'Супы']",['https://i0.photo.2gis.com/main/branch/38/70000001086897878/common'],18.7
"Chang, кафе аутентичной тайской кухни","Невский проспект, 97","{'lat': 59.930083, 'lon': 30.366845}",4.5,533.0,"['Кафе', 'Доставка еды']",Средний чек 1500 ₽,['Тайская кухня'],"['Суши', 'Лапша wok', 'Рамен', 'Рис wok', 'Поке', 'Том-Ям', 'Салаты', 'Супы', 'Наггетсы', 'Гёдза', 'Такояки']","['https://i9.photo.2gis.com/main/branch/38/70000001057752859/common', 'https://i3.photo.2gis.com/main/geo/38/5348660212711983/view']",16.1
"Tsunami, азиатский бар","Лиговский проспект, 39/1","{'lat': 59.932138, 'lon': 30.361246}",4.3,211.0,"['Кафе', 'Бары', 'Доставка еды', 'Суши-бары']",Средний чек 2000 ₽,['Азиатская кухня'],"['Суши', 'Рамен', 'Поке', 'Том-Ям', 'Супы', 'Гёдза']","['https://i6.photo.2gis.com/main/branch/38/70000001035822395/common', 'https://i6.photo.2gis.com/main/geo/38/5348660212703705/view']",13.4
"Квартира 8, ресторан-музей","Невский проспект, 71","{'lat': 59.93117, 'lon': 30.354733}",3.4,205.0,"['Кафе', 'Рестораны', 'Бары']",Средний чек 1500 ₽,['Авторская кухня'],"['Рамен', 'Стейки', 'Том-Ям', 'Салаты', 'Супы', 'Блюда на гриле', 'Куриные крылышки', 'Боулы']",['https://i7.photo.2gis.com/main/branch/38/70000001024383691/common'],18.6
"Мама Тата, грузинская неорюмочная","Восстания, 55","{'lat': 59.943178, 'lon': 30.360953}",4.8,144.0,"['Кафе', 'Рюмочные', 'Бары']",Средний чек 850 ₽,"['Грузинская кухня', 'Кавказская кухня', 'Европейская кухня']","['Шаурма', 'Шашлык', 'Хинкали', 'Люля-кебаб', 'Салаты', 'Хачапури', 'Супы', 'Блюда на гриле', 'Куриные крылышки']","['https://i2.photo.2gis.com/main/branch/38/70000001093839054/common', 'https://i1.photo.2gis.com/main/geo/38/5348660212706488/view']",9.1
"Малатан, китайский и паназиатский ресторан","Невский проспект, 128","{'lat': 59.931345, 'lon': 30.366953}",4.9,2915.0,"['Кафе', 'Доставка еды']",Средний чек 550 ₽,['Азиатская кухня'],"['Лапша wok', 'Рис wok', 'Салаты', 'Блюда на гриле', 'Боулы']","['https://i6.photo.2gis.com/main/branch/38/70000001060749771/common', 'https://i4.photo.2gis.com/main/geo/38/5348660212705798/view']",14.2
"Beverly Hills, бар","Невский проспект, 96","{'lat': 59.931989, 'lon': 30.354838}",4.9,212.0,"['Кафе', 'Бары']",Средний чек 1500 ₽,"['Европейская кухня', 'Веганская кухня', 'Американская кухня']","['Бургеры', 'Стейки', 'Салаты', 'Супы', 'Блюда на гриле']","['https://i5.photo.2gis.com/main/branch/38/70000001093084158/common', 'https://i1.photo.2gis.com/main/geo/38/5348660212703069/view']",17.9
"Неканон, бар","Лиговский проспект, 21Б","{'lat': 59.93524, 'lon': 30.363433}",4.7,390.0,"['Кафе', 'Бары', 'Быстрое питание']",Средний чек 1000 ₽,['Американская кухня'],"['Бургеры', 'Куриные крылышки', 'Наггетсы', 'Колбаски']","['https://i1.photo.2gis.com/main/branch/38/70000001034991312/common', 'https://i0.photo.2gis.com/main/geo/38/5348660212704331/view']",9.3
"Holy Ribs, ресторан","Жуковского, 12","{'lat': 59.93605, 'lon': 30.353386}",4.7,233.0,"['Кафе', 'Доставка еды', 'Бары']",Средний чек 1500 ₽,['Американская кухня'],"['Бургеры', 'Стейки', 'Салаты', 'Супы', 'Блюда на гриле', 'Куриные крылышки', 'Начос', 'Кесадилья']","['https://i1.photo.2gis.com/main/branch/38/70000001028875578/common', 'https://i5.photo.2gis.com/main/geo/38/5348660212699278/view']",15.4
"Синий Пушкин, рестобар, созданный Сергеем Шнуровым","Жуковского, 3","{'lat': 59.935867, 'lon': 30.350238}",4.2,221.0,"['Кафе', 'Бары']",Средний чек 1200 ₽,['Европейская кухня'],"['Стейки', 'Салаты', 'Супы', 'Блюда на гриле', 'Куриные крылышки']",['https://i5.photo.2gis.com/main/branch/38/5348552839200910/common'],18.1
"Ossu, лапшичная","улица Некрасова, 21","{'lat': 59.938676, 'lon': 30.358366}",4.7,249.0,"['Кафе', 'Доставка еды']",Средний чек 1300 ₽,['Паназиатская кухня'],"['Суши', 'Лапша wok', 'Салаты', 'Супы']","['https://i3.photo.2gis.com/main/branch/38/70000001046974460/common', 'https://i5.photo.2gis.com/main/geo/38/5348660212698440/view']",8.9
"Мечтатели, гастрономическое кафе","набережная реки Фонтанки, 11","{'lat': 59.936837, 'lon': 30.342848}",4.2,213.0,"['Кафе', 'Доставка еды']",Средний чек 1200 ₽,['Авторская кухня'],"['Стейки', 'Салаты', 'Супы']","['https://i0.photo.2gis.com/main/branch/38/70000001019632134/common', 'https://i7.photo.2gis.com/main/geo/38/5348660212689075/view']",21.1
"Хачапури и вино, кафе грузинской кухни","улица Некрасова, 60","{'lat': 59.938927, 'lon': 30.369815}",4.2,130.0,['Кафе'],Средний чек 900 ₽,['Грузинская кухня'],"['Хинкали', 'Салаты', 'Хачапури', 'Супы']","['https://i1.photo.2gis.com/main/branch/38/70000001064301781/common', 'https://i2.photo.2gis.com/main/geo/38/5348660212707929/view']",2.4
"Nebar, бар","Литейный проспект, 57","{'lat': 59.93484, 'lon': 30.347761}",4.6,1171.0,"['Кафе', 'Бары', 'Ночные клубы', 'Караоке-залы']",Средний чек 1500 ₽,['Европейская кухня'],"['Бургеры', 'Салаты']","['https://i9.photo.2gis.com/main/branch/38/5348552838775231/common', 'https://i1.photo.2gis.com/main/geo/38/5348660212693072/view']",20.8
"Старик Хинкалыч, кафе","Гончарная, 11","{'lat': 59.929564, 'lon': 30.364879}",4.1,391.0,['Кафе'],Средний чек 500 ₽,"['Грузинская кухня', 'Кавказская кухня']","['Хинкали', 'Салаты', 'Хачапури', 'Супы']","['https://i1.photo.2gis.com/main/branch/38/70000001060075387/common', 'https://i0.photo.2gis.com/main/geo/38/5348660212713720/view']",16.6
"Хачапури и вино, кафе грузинской кухни","Маяковского, 54-56","{'lat': 59.943565, 'lon': 30.355265}",3.8,374.0,"['Кафе', 'Доставка еды']",Средний чек 900 ₽,['Грузинская кухня'],"['Хинкали', 'Салаты', 'Хачапури', 'Супы']","['https://i3.photo.2gis.com/main/branch/38/70000001021314683/common', 'https://i8.photo.2gis.com/main/geo/38/5348660212693013/view']",13.0
"HopHead Taqueria, мексиканский бар","Виленский переулок, 6","{'lat': 59.940296, 'lon': 30.362351}",4.5,45.0,"['Кафе', 'Бары']",Средний чек 1000 ₽,"['Мексиканская кухня', 'Авторская кухня']",,"['https://i9.photo.2gis.com/main/branch/38/70000001088735793/common', 'https://i8.photo.2gis.com/main/geo/38/5348660212706179/view']",4.6
"Italiani, ресторан","Невский проспект, 65","{'lat': 59.931805, 'lon': 30.353427}",4.3,607.0,"['Кафе', 'Рестораны']",Средний чек 1000 ₽,['Итальянская кухня'],"['Пицца', 'Салаты', 'Супы', 'Римская пицца']","['https://i8.photo.2gis.com/main/branch/38/70000001033043004/common', 'https://i9.photo.2gis.com/main/geo/38/5348660212721461/view']",19.0
"Kimchi to go, кафе корейской кухни","Литейный проспект, 47","{'lat': 59.937989, 'lon': 30.347967}",4.7,505.0,"['Кафе', 'Быстрое питание']",Средний чек 450 ₽,['Корейская кухня'],"['Лапша wok', 'Рамен', 'Рис wok', 'Том-Ям', 'Салаты', 'Супы', 'Куриные крылышки', 'Гёдза']","['https://i1.photo.2gis.com/main/branch/38/70000001065258055/common', 'https://i8.photo.2gis.com/main/geo/38/5348660212693242/view']",16.4
"Корчма сало, ресторан","Литейный проспект, 36","{'lat': 59.93915, 'lon': 30.348586}",4.3,465.0,"['Кафе', 'Рестораны', 'Доставка еды']",Средний чек 1500 ₽,['Украинская кухня'],"['Шашлык', 'Пельмени', 'Салаты', 'Вареники', 'Супы', 'Блюда на гриле', 'Куриные крылышки', 'Колбаски']","['https://i2.photo.2gis.com/main/branch/38/5348552838504322/common', 'https://i0.photo.2gis.com/main/geo/38/5348660212701370/view']",14.7
"Пробка, бар","Жуковского, 21","{'lat': 59.935808, 'lon': 30.353893}",4.8,177.0,"['Кафе', 'Бары', 'Доставка еды']",Средний чек 1500 ₽,['Американская кухня'],"['Бургеры', 'Стейки', 'Салаты', 'Блюда на гриле', 'Куриные крылышки']","['https://i0.photo.2gis.com/main/branch/38/70000001045738231/common', 'https://i2.photo.2gis.com/main/geo/38/5348660212703538/view']",15.8
"Сиртаки, греческая таверна","Невский проспект, 102","{'lat': 59.931805, 'lon': 30.356301}",4.4,656.0,"['Кафе', 'Доставка еды', 'Рестораны']",Средний чек 1500 ₽,"['Европейская кухня', 'Греческая кухня', 'Средиземноморская кухня']","['Шаурма', 'Пицца', 'Шашлык', 'Бургеры', 'Гирос', 'Стейки', 'Люля-кебаб', 'Сувлаки', 'Салаты', 'Закрытая пицца', 'Хачапури', 'Супы', 'Римская пицца', 'Пита', 'Блюда на гриле', 'Буррито', 'Куриные крылышки', 'Фиш энд чипс', 'Наггетсы', 'Кесадилья', 'Боулы', 'Колбаски', 'Мидии']","['https://i7.photo.2gis.com/main/branch/38/70000001030957536/common', 'https://i3.photo.2gis.com/main/geo/38/5348660212703151/view']",17.0
"Amarcord, кафе итальянской кухни","Жуковского, 49","{'lat': 59.935719, 'lon': 30.359389}",4.8,131.0,['Кафе'],Средний чек 1500 ₽,['Итальянская кухня'],"['Салаты', 'Супы']","['https://i9.photo.2gis.com/main/branch/38/5348553838597252/common', 'https://i5.photo.2gis.com/main/geo/38/5348660212702880/view']",12.2
"Dead poets, интеллигентный бар","Жуковского, 12","{'lat': 59.936055, 'lon': 30.353077}",3.8,153.0,"['Кафе', 'Бары']",Средний чек 1700 ₽,"['Азиатская кухня', 'Европейская кухня', 'Авторская кухня']","['Бургеры', 'Лапша wok', 'Стейки', 'Салаты', 'Супы', 'Блюда на гриле', 'Фиш энд чипс']","['https://i0.photo.2gis.com/main/branch/38/5348553838745409/common', 'https://i5.photo.2gis.com/main/geo/38/5348660212699278/view']",15.6
"Pinch!, кафе-бар","улица Белинского, 5","{'lat': 59.938131, 'lon': 30.34562}",4.0,171.0,"['Кафе', 'Бары']",Средний чек 1500 ₽,"['Итальянская кухня', 'Европейская кухня', 'Испанская кухня']","['Стейки', 'Салаты', 'Супы', 'Блюда на гриле', 'Мидии']","['https://i4.photo.2gis.com/main/branch/38/70000001022372188/common', 'https://i2.photo.2gis.com/main/geo/38/5348660212693237/view']",17.8
Пешеход,"Маяковского, 54-56","{'lat': 59.943632, 'lon': 30.35527}",4.8,222.0,"['Кафе', 'Кофейни']",Средний чек 700 ₽,['Европейская кухня'],"['Салаты', 'Супы']","['https://i7.photo.2gis.com/main/branch/38/70000001060842604/common', 'https://i8.photo.2gis.com/main/geo/38/5348660212693013/view']",13.0
"Деда хинкали, ресторан грузинской кухни","Литейный проспект, 64","{'lat': 59.933331, 'lon': 30.348216}",4.9,2279.0,"['Кафе', 'Доставка еды', 'Рестораны']",Средний чек 1300 ₽,"['Грузинская кухня', 'Кавказская кухня', 'Европейская кухня']","['Хинкали', 'Люля-кебаб', 'Салаты', 'Хачапури', 'Супы', 'Блюда на гриле']","['https://i0.photo.2gis.com/main/branch/38/70000001037775699/common', 'https://i6.photo.2gis.com/main/geo/38/5348660212704096/view']",22.5
"Harat`s, ирландский паб","Невский проспект, 109","{'lat': 59.929015, 'lon': 30.369839}",4.2,159.0,"['Кафе', 'Бары']",Средний чек 600 ₽,['Европейская кухня'],"['Супы', 'Блюда на гриле', 'Начос', 'Колбаски']","['https://i1.photo.2gis.com/main/branch/38/5348553838490001/common', 'https://i9.photo.2gis.com/main/geo/38/5348660212712612/view']",18.3
Кофейня №1,"Лиговский проспект, 57-59","{'lat': 59.92819, 'lon': 30.358785}",4.1,694.0,"['Кафе', 'Доставка еды']",Средний чек 1000 ₽,['Европейская кухня'],"['Пицца', 'Пельмени', 'Стейки', 'Салаты', 'Хачапури', 'Вареники', 'Супы', 'Кесадилья']","['https://i6.photo.2gis.com/main/branch/38/70000001029517153/common', 'https://i5.photo.2gis.com/main/geo/38/5348660212722484/view']",18.5
"На парах, ресторан здорового питания","улица Марата, 16","{'lat': 59.928678, 'lon': 30.353995}",4.6,664.0,"['Кафе', 'Доставка еды', 'Рестораны']",Средний чек 900 ₽,['Европейская кухня'],"['Пельмени', 'Поке', 'Манты', 'Стейки', 'Салаты', 'Вареники', 'Супы', 'Боулы', 'Гёдза']","['https://i1.photo.2gis.com/main/branch/38/70000001020162355/common', 'https://i4.photo.2gis.com/main/geo/38/5348660212725381/view']",21.2
"Grand Cafe Frida, уютное мексиканское кафе","Чайковского, 57","{'lat': 59.946325, 'lon': 30.358395}",4.6,176.0,"['Кафе', 'Доставка еды']",Средний чек 1700 ₽,"['Мексиканская кухня', 'Европейская кухня']","['Стейки', 'Салаты', 'Супы', 'Буррито', 'Куриные крылышки', 'Начос', 'Кесадилья']","['https://i5.photo.2gis.com/main/branch/38/5348552838580376/common', 'https://i7.photo.2gis.com/main/geo/38/5348660212690886/view']",14.7
"ПхалиХинкали, ресторан грузинской кухни","8-я Советская улица, 14","{'lat': 59.937053, 'lon': 30.373118}",4.4,474.0,"['Кафе', 'Рестораны', 'Доставка еды']",Средний чек 1350 ₽,['Грузинская кухня'],"['Шаурма', 'Пицца', 'Шашлык', 'Хинкали', 'Люля-кебаб', 'Салаты', 'Хачапури', 'Супы', 'Блюда на гриле']","['https://i4.photo.2gis.com/main/branch/38/70000001038087414/common', 'https://i1.photo.2gis.com/main/geo/38/5348660212708338/view']",6.0
"Пицца 22 сантиметра, пиццерия","Жуковского, 45","{'lat': 59.935735, 'lon': 30.358366}",4.1,202.0,"['Пиццерии', 'Доставка еды', 'Быстрое питание']",Средний чек 900 ₽,['Итальянская кухня'],"['Пицца', 'Пицца на дровах']","['https://i5.photo.2gis.com/main/branch/38/70000001018980103/common', 'https://i3.photo.2gis.com/main/geo/38/5348660212702891/view']",12.8
"Amici Бар, итальянская рюмочная и пиццерия","улица Некрасова, 39","{'lat': 59.938599, 'lon': 30.363633}",4.6,64.0,"['Пиццерии', 'Кафе', 'Рестораны']",Средний чек 1000 ₽,['Итальянская кухня'],"['Пицца', 'Римская пицца']","['https://i1.photo.2gis.com/main/branch/38/70000001061527081/common', 'https://i2.photo.2gis.com/main/geo/38/5348660212705493/view']",5.7
"Pinzeria by bontempi, ресторан","улица Марата, 2","{'lat': 59.931229, 'lon': 30.35564}",4.8,377.0,"['Пиццерии', 'Рестораны', 'Доставка еды']",Средний чек 1500 ₽,['Итальянская кухня'],"['Пицца', 'Римская пицца']","['https://i6.photo.2gis.com/main/branch/38/70000001054285861/common', 'https://i0.photo.2gis.com/main/geo/38/5348660212725440/view']",18.0
"Ponte, траттория","улица Пестеля, 13-15","{'lat': 59.94248, 'lon': 30.342834}",4.7,381.0,"['Пиццерии', 'Доставка еды', 'Кафе']",Средний чек 1000 ₽,['Итальянская кухня'],"['Пицца', 'Римская пицца']","['https://i8.photo.2gis.com/main/branch/38/70000001060842704/common', 'https://i2.photo.2gis.com/main/geo/38/5348660212697675/view']",19.5
"Додо Пицца, пиццерия","Литейный проспект, 46","{'lat': 59.937836, 'lon': 30.348502}",3.5,165.0,"['Пиццерии', 'Доставка еды', 'Быстрое питание']",Средний чек 500 ₽,['Итальянская кухня'],['Пицца'],"['https://i0.photo.2gis.com/main/branch/38/70000001044583472/common', 'https://i4.photo.2gis.com/main/geo/38/5348660212700366/view']",16.4
"Pizzeria da Vincenzo, пиццерия","Короленко, 3","{'lat': 59.939322, 'lon': 30.350377}",4.7,99.0,"['Пиццерии', 'Доставка еды', 'Кафе']",Средний чек 1500 ₽,['Итальянская кухня'],"['Пицца', 'Закрытая пицца']","['https://i3.photo.2gis.com/main/branch/38/70000001045425930/common', 'https://i7.photo.2gis.com/main/geo/38/5348660212701166/view']",13.2
"Crispy pizza, пиццерия","Литейный проспект, 38","{'lat': 59.938747, 'lon': 30.34856}",4.8,94.0,"['Пиццерии', 'Быстрое питание']",Средний чек 950 ₽,['Итальянская кухня'],['Пицца'],"['https://i4.photo.2gis.com/main/branch/38/70000001078258128/common', 'https://i9.photo.2gis.com/main/geo/38/5348660212700439/view']",15.2
"Roma Antica, кафе","Чайковского, 56","{'lat': 59.94653, 'lon': 30.365447}",4.7,92.0,"['Пиццерии', 'Кафе', 'Доставка еды', 'Рестораны']",Средний чек 1200 ₽,['Итальянская кухня'],['Пицца'],"['https://i6.photo.2gis.com/main/branch/38/70000001040442218/common', 'https://i7.photo.2gis.com/main/geo/38/5348660212707595/view']",11.9
"Додо Пицца, пиццерия","Суворовский проспект, 56","{'lat': 59.945014, 'lon': 30.38672}",3.9,195.0,"['Пиццерии', 'Доставка еды', 'Быстрое питание']",Средний чек 500 ₽,['Итальянская кухня'],['Пицца'],"['https://i5.photo.2gis.com/main/branch/38/70000001036785083/common', 'https://i3.photo.2gis.com/main/geo/38/5348660212709852/view']",17.3
"Liman, кафе","Восстания, 33","{'lat': 59.938608, 'lon': 30.360663}",4.5,283.0,"['Пиццерии', 'Кафе']",Средний чек 1500 ₽,['Итальянская кухня'],"['Пицца', 'Закрытая пицца']","['https://i9.photo.2gis.com/main/branch/38/70000001022119353/common', 'https://i0.photo.2gis.com/main/geo/38/5348660212705437/view']",7.7
"Pret, пиццерия","8-я Советская улица, 17-19","{'lat': 59.936727, 'lon': 30.373278}",3.5,136.0,"['Пиццерии', 'Кафе']",Средний чек 360 ₽,['Итальянская кухня'],"['Пицца', 'Римская пицца']","['https://i9.photo.2gis.com/main/branch/38/70000001042781400/common', 'https://i5.photo.2gis.com/main/geo/38/5348660212707991/view']",6.5
"Pizza allegro, пиццерия","2-я Советская улица, 25/2","{'lat': 59.931085, 'lon': 30.369903}",4.6,193.0,"['Пиццерии', 'Доставка еды', 'Кафе']",Средний чек 400 ₽,['Итальянская кухня'],['Пицца'],"['https://i0.photo.2gis.com/main/branch/38/5348553838674084/common', 'https://i3.photo.2gis.com/main/geo/38/5348660212705492/view']",15.1
"Joy`s pizza, пиццерия","Фурштатская улица, 3","{'lat': 59.945149, 'lon': 30.349983}",4.4,188.0,"['Пиццерии', 'Доставка еды', 'Кафе']",Средний чек 400 ₽,['Итальянская кухня'],['Пицца'],"['https://i7.photo.2gis.com/main/branch/38/5348552838480166/common', 'https://i9.photo.2gis.com/main/geo/38/5348660212691922/view']",18.2
"Береза и базилик, пиццерия","Кирочная улица, 47","{'lat': 59.942694, 'lon': 30.379429}",4.4,75.0,"['Пиццерии', 'Доставка еды', 'Кафе']",Средний чек 500 ₽,['Итальянская кухня'],"['Пицца', 'Закрытая пицца']","['https://i4.photo.2gis.com/main/branch/38/70000001032018612/common', 'https://i1.photo.2gis.com/main/geo/38/5348660212708675/view']",10.7
"Pizza Point, пиццерия","Маяковского, 44 лит А","{'lat': 59.941453, 'lon': 30.355122}",4.2,133.0,"['Пиццерии', 'Доставка еды', 'Быстрое питание']",Средний чек 900 ₽,['Итальянская кухня'],"['Пицца', 'Римская пицца']","['https://i2.photo.2gis.com/main/branch/38/70000001047991623/common', 'https://i3.photo.2gis.com/main/geo/38/5348660212701838/view']",11.1
"Liman, кафе","Захарьевская улица, 27","{'lat': 59.947579, 'lon': 30.360443}",4.3,118.0,"['Пиццерии', 'Рестораны', 'Доставка еды']",Средний чек 1000 ₽,['Итальянская кухня'],"['Пицца', 'Закрытая пицца']","['https://i5.photo.2gis.com/main/branch/38/70000001025415270/common', 'https://i0.photo.2gis.com/main/geo/38/5348660212707619/view']",16.4
"Mercato d`Italia, пиццерия","Лиговский проспект, 30","{'lat': 59.927951, 'lon': 30.360358}",3.1,53.0,"['Пиццерии', 'Быстрое питание']",Средний чек 900 ₽,['Итальянская кухня'],['Пицца'],['https://i1.photo.2gis.com/main/branch/38/70000001057573946/common'],19.4
Pizzarella Bar,"Лиговский проспект, 30","{'lat': 59.927076, 'lon': 30.361067}",4.2,5.0,"['Пиццерии', 'Быстрое питание']",Средний чек 350 ₽,['Итальянская кухня'],['Пицца'],['https://i7.photo.2gis.com/main/branch/38/70000001089768385/common'],20.6
"Kimchi to go, кафе корейской кухни","Литейный проспект, 47","{'lat': 59.937989, 'lon': 30.347967}",4.7,505.0,"['Быстрое питание', 'Кафе']",Средний чек 450 ₽,['Корейская кухня'],"['Лапша wok', 'Рамен', 'Рис wok', 'Том-Ям', 'Салаты', 'Супы', 'Куриные крылышки', 'Корн-дог', 'Гёдза']","['https://i1.photo.2gis.com/main/branch/38/70000001065258055/common', 'https://i8.photo.2gis.com/main/geo/38/5348660212693242/view']",16.4
"Koreana light, ресторан корейского стритфуда","Невский проспект, 95","{'lat': 59.930167, 'lon': 30.366588}",4.7,888.0,"['Быстрое питание', 'Доставка еды']",Средний чек 650 ₽,['Корейская кухня'],"['Лапша wok', 'Рамен', 'Рис wok', 'Том-Ям', 'Салаты', 'Онигири', 'Супы', 'Кукси']","['https://i7.photo.2gis.com/main/branch/38/70000001031639873/common', 'https://i4.photo.2gis.com/main/geo/38/5348660212712727/view']",15.9
Technodoner,"улица Некрасова, 28","{'lat': 59.93889, 'lon': 30.357671}",4.3,62.0,"['Быстрое питание', 'Бары']",Средний чек 800 ₽,['Немецкая кухня'],"['Картофель-фри', 'Колбаски']","['https://i9.photo.2gis.com/main/branch/38/70000001074896460/common', 'https://i3.photo.2gis.com/main/geo/38/5348660212697485/view']",9.2
"Ramen Slurp Bar, раменная","Жуковского, 31","{'lat': 59.935771, 'lon': 30.356185}",3.9,261.0,"['Быстрое питание', 'Доставка еды']",Средний чек 400 ₽,"['Японская кухня', 'Паназиатская кухня']","['Лапша wok', 'Рамен', 'Рис wok', 'Салаты', 'Сэндвичи', 'Супы', 'Гёдза']","['https://i7.photo.2gis.com/main/branch/38/70000001037187057/common', 'https://i6.photo.2gis.com/main/geo/38/5348660212702926/view']",14.2
"Babaganoush, кафе израильской кухни","Восстания, 19","{'lat': 59.93515, 'lon': 30.360435}",4.5,163.0,"['Быстрое питание', 'Доставка еды']",Средний чек 950 ₽,"['Восточная кухня', 'Израильская кухня']","['Шаурма', 'Фалафель', 'Картофель-фри', 'Салаты', 'Сэндвичи', 'Супы', 'Пита', 'Блюда на гриле']","['https://i0.photo.2gis.com/main/branch/38/70000001034580470/common', 'https://i7.photo.2gis.com/main/geo/38/5348660212704385/view']",12.2
"Kimchi to go, кафе корейской кухни","Лиговский проспект, 30 лит А","{'lat': 59.927247, 'lon': 30.360498}",4.8,332.0,['Быстрое питание'],Средний чек 600 ₽,['Корейская кухня'],"['Лапша wok', 'Рамен', 'Рис wok', 'Том-Ям', 'Супы', 'Куриные крылышки']",['https://i5.photo.2gis.com/main/branch/38/70000001068447955/common'],20.6
Ramen Rebel,"Литейный проспект, 62","{'lat': 59.933559, 'lon': 30.348821}",4.6,26.0,"['Быстрое питание', 'Доставка еды']",Средний чек 600 ₽,['Азиатская кухня'],"['Лапша wok', 'Рамен', 'Том-Ям']",['https://i0.photo.2gis.com/main/branch/38/70000001083019590/common'],22.5
"Теремок, ресторан домашней кухни","Лиговский проспект, 30","{'lat': 59.9273, 'lon': 30.359894}",4.2,276.0,"['Быстрое питание', 'Доставка еды', 'Кафе']",Средний чек 350 ₽,['Русская кухня'],"['Салаты', 'Вареники', 'Супы']",['https://i6.photo.2gis.com/main/branch/38/5348552839093366/common'],20.2
"Теремок, ресторан домашней кухни","Невский проспект, 93","{'lat': 59.93028, 'lon': 30.365952}",3.7,183.0,"['Быстрое питание', 'Доставка еды']",Средний чек 500 ₽,['Русская кухня'],"['Пельмени', 'Салаты', 'Супы']","['https://i4.photo.2gis.com/main/branch/38/5348552839936551/common', 'https://i5.photo.2gis.com/main/geo/38/5348660212711976/view']",16.2
"Турбо Шаверма, бистро","Литейный проспект, 53","{'lat': 59.936019, 'lon': 30.34784}",3.9,170.0,"['Быстрое питание', 'Доставка еды']",Средний чек 400 ₽,['Восточная кухня'],"['Шаурма', 'Картофель-фри', 'Салаты', 'Наггетсы']","['https://i5.photo.2gis.com/main/branch/38/70000001032403820/common', 'https://i2.photo.2gis.com/main/geo/38/5348660212693138/view']",19.6
"Bros Burritos, ресторан быстрого питания","Пушкинская улица, 3","{'lat': 59.930588, 'lon': 30.35744}",4.7,239.0,"['Быстрое питание', 'Кафе', 'Доставка еды']",Средний чек 500 ₽,['Мексиканская кухня'],"['Салаты', 'Супы', 'Буррито', 'Начос', 'Кесадилья']","['https://i1.photo.2gis.com/main/branch/38/70000001060879763/common', 'https://i8.photo.2gis.com/main/geo/38/5348660212725453/view']",17.4
"Теремок, ресторан домашней кухни","Невский проспект, 114-116","{'lat': 59.932502, 'lon': 30.358933}",4.2,157.0,"['Быстрое питание', 'Доставка еды']",Средний чек 300 ₽,['Русская кухня'],"['Пельмени', 'Салаты', 'Вареники', 'Супы']",['https://i5.photo.2gis.com/main/branch/38/5348552839114420/common'],15.0
"Green point, фастфуд здорового питания","Лиговский проспект, 30 лит А","{'lat': 59.927679, 'lon': 30.360087}",4.8,93.0,"['Быстрое питание', 'Доставка еды']",Средний чек 550 ₽,"['Веганская кухня', 'Вегетарианская кухня']","['Шаурма', 'Бургеры', 'Картофель-фри', 'Салаты', 'Супы', 'Наггетсы', 'Бутерброды', 'Боулы']",['https://i5.photo.2gis.com/main/branch/38/70000001083226432/common'],19.7
"Ramen Rebel, такерия","Литейный проспект, 62","{'lat': 59.933559, 'lon': 30.348821}",4.8,20.0,"['Быстрое питание', 'Доставка еды']",Средний чек 500 ₽,['Мексиканская кухня'],"['Картофель-фри', 'Кесадилья', 'Боулы']",['https://i3.photo.2gis.com/main/branch/38/70000001076213476/common'],22.5
"Теремок, ресторан домашней кухни","проспект Чернышевского, 11","{'lat': 59.94588, 'lon': 30.358969}",3.3,107.0,"['Быстрое питание', 'Доставка еды']",Средний чек 450 ₽,['Русская кухня'],"['Пельмени', 'Салаты', 'Вареники', 'Супы']","['https://i1.photo.2gis.com/main/branch/38/5348552840850502/common', 'https://i7.photo.2gis.com/main/geo/38/5348660212690886/view']",13.7
"Пирожковая, кафе быстрого обслуживания","Восстания, 1","{'lat': 59.931972, 'lon': 30.360461}",4.5,224.0,"['Быстрое питание', 'Пекарни']",Средний чек 380 ₽,"['Русская кухня', 'Домашняя кухня']","['Чебуреки', 'Пельмени', 'Пышки', 'Самса', 'Лагман', 'Беляши', 'Салаты', 'Супы']","['https://i8.photo.2gis.com/main/branch/38/5348552838596549/common', 'https://i6.photo.2gis.com/main/geo/38/5348660212703705/view']",14.3
"joly woо, стритфуд-кафе паназиатской кухни","Восстания, 12","{'lat': 59.936252, 'lon': 30.360044}",4.5,384.0,"['Быстрое питание', 'Кафе', 'Доставка еды']",Средний чек 750 ₽,"['Вьетнамская кухня', 'Азиатская кухня', 'Паназиатская кухня']","['Шаурма', 'Лапша wok', 'Рамен', 'Рис wok', 'Том-Ям', 'Фо-бо', 'Салаты', 'Супы', 'Кукси']","['https://i9.photo.2gis.com/main/branch/38/70000001023257115/common', 'https://i9.photo.2gis.com/main/geo/38/5348660212699003/view']",10.4
"Теремок, ресторан домашней кухни","Литейный проспект, 22","{'lat': 59.943041, 'lon': 30.348833}",4.0,211.0,"['Быстрое питание', 'Доставка еды']",Средний чек 350 ₽,['Русская кухня'],"['Пельмени', 'Салаты', 'Супы']",['https://i8.photo.2gis.com/main/branch/38/5348552839936560/common'],15.9
"Bros Burritos, ресторан быстрого питания","Моховая, 26","{'lat': 59.941821, 'lon': 30.345465}",4.4,277.0,"['Быстрое питание', 'Кафе', 'Доставка еды']",Средний чек 450 ₽,['Мексиканская кухня'],"['Салаты', 'Супы', 'Буррито', 'Начос', 'Кесадилья']","['https://i9.photo.2gis.com/main/branch/38/70000001030546662/common', 'https://i5.photo.2gis.com/main/geo/38/5348660212695744/view']",18.9
"Шеф-шаверма, бистро-бар","Суворовский проспект, 43-45","{'lat': 59.939622, 'lon': 30.377563}",4.0,203.0,"['Быстрое питание', 'Доставка еды']",Средний чек 400 ₽,['Восточная кухня'],"['Шаурма', 'Картофель-фри', 'Салаты', 'Куриные крылышки', 'Наггетсы', 'Колбаски']","['https://i1.photo.2gis.com/main/branch/38/5348553838504894/common', 'https://i1.photo.2gis.com/main/geo/38/5348660212709939/view']",8.5
"БуфетЪ, кафе","Пушкинская улица, 7","{'lat': 59.929886, 'lon': 30.357061}",4.2,51.0,['Кафе'],Средний чек 800 ₽,['Домашняя кухня'],"['Пельмени', 'Супы', 'Блюда на гриле']","['https://i4.photo.2gis.com/main/branch/38/5348552838596446/common', 'https://i0.photo.2gis.com/main/geo/38/5348660212725462/view']",18.3
"Токио-City, городские рестораны","Невский проспект, 71","{'lat': 59.93138, 'lon': 30.354791}",4.3,1153.0,"['Суши-бары', 'Доставка еды', 'Рестораны']",Средний чек 900 ₽,['Азиатская кухня'],"['Суши', 'Лапша wok', 'Пельмени', 'Рамен', 'Рис wok', 'Поке', 'Стейки', 'Том-Ям', 'Салаты', 'Закрытая пицца', 'Онигири', 'Супы', 'Пита', 'Блюда на гриле', 'Буррито', 'Куриные крылышки', 'Наггетсы', 'Кесадилья']",['https://i7.photo.2gis.com/main/branch/38/70000001047071973/common'],18.7
"Tsunami, азиатский бар","Лиговский проспект, 39/1","{'lat': 59.932138, 'lon': 30.361246}",4.3,211.0,"['Суши-бары', 'Бары', 'Доставка еды', 'Кафе']",Средний чек 2000 ₽,['Азиатская кухня'],"['Суши', 'Рамен', 'Поке', 'Том-Ям', 'Супы', 'Гёдза']","['https://i6.photo.2gis.com/main/branch/38/70000001035822395/common', 'https://i6.photo.2gis.com/main/geo/38/5348660212703705/view']",13.4
"Токио-City, городские рестораны","Невский проспект, 90-92 лит А","{'lat': 59.932334, 'lon': 30.352081}",4.5,1087.0,"['Суши-бары', 'Доставка еды', 'Рестораны']",Средний чек 900 ₽,['Японская кухня'],"['Суши', 'Лапша wok', 'Рис wok', 'Том-Ям', 'Салаты', 'Супы', 'Блюда на гриле']","['https://i3.photo.2gis.com/main/branch/38/70000001021261064/common', 'https://i9.photo.2gis.com/main/geo/38/70030076153476591/view']",19.4
"Kazoku, азиатский ресторан","Кирочная улица, 8а","{'lat': 59.944137, 'lon': 30.352581}",4.8,196.0,"['Суши-бары', 'Рестораны', 'Доставка еды', 'Банкетные залы']",Средний чек 1600 ₽,"['Азиатская кухня', 'Японская кухня']","['Суши', 'Лапша wok', 'Рамен', 'Рис wok', 'Том-Ям', 'Онигири', 'Супы', 'Гёдза']","['https://i9.photo.2gis.com/main/branch/38/70000001060553777/common', 'https://i5.photo.2gis.com/main/geo/38/5348660212692440/view']",15.4
Йоки,"Жуковского, 28","{'lat': 59.935947, 'lon': 30.359771}",4.5,293.0,"['Суши-бары', 'Доставка еды', 'Кафе']",Средний чек 850 ₽,"['Азиатская кухня', 'Японская кухня', 'Паназиатская кухня']","['Суши', 'Лапша wok', 'Рамен', 'Рис wok', 'Поке', 'Том-Ям', 'Салаты', 'Супы', 'Боулы', 'Гёдза']","['https://i2.photo.2gis.com/main/branch/38/70000001033788213/common', 'https://i9.photo.2gis.com/main/geo/38/5348660212699003/view']",10.7
"Токио-City, городские рестораны","Чайковского, 18","{'lat': 59.9467, 'lon': 30.350762}",4.5,710.0,"['Суши-бары', 'Доставка еды', 'Рестораны']",Средний чек 900 ₽,['Японская кухня'],"['Суши', 'Лапша wok', 'Рамен', 'Рис wok', 'Поке', 'Стейки', 'Том-Ям', 'Салаты', 'Супы', 'Блюда на гриле', 'Наггетсы', 'Кесадилья']","['https://i4.photo.2gis.com/main/branch/38/5348552838485481/common', 'https://i8.photo.2gis.com/main/geo/38/5348660212688448/view']",19.6
"Under the sea, ресторан японской кухни","Восстания, 23","{'lat': 59.936316, 'lon': 30.360516}",4.6,106.0,"['Суши-бары', 'Доставка еды', 'Рестораны']",Средний чек 1500 ₽,['Японская кухня'],"['Суши', 'Лапша wok', 'Поке', 'Салаты', 'Онигири']","['https://i0.photo.2gis.com/main/branch/38/70000001039847310/common', 'https://i1.photo.2gis.com/main/geo/38/5348660212704499/view']",9.9
"Евразия, рестораны японской и европейской кухни","Жуковского, 36","{'lat': 59.935926, 'lon': 30.362879}",4.4,399.0,"['Суши-бары', 'Доставка еды', 'Бары', 'Рестораны']",Средний чек 1500 ₽,"['Азиатская кухня', 'Европейская кухня']","['Суши в меню', 'Лапша wok', 'Поке', 'Стейки', 'Салаты', 'Супы', 'Блюда на гриле', 'Кесадилья']","['https://i5.photo.2gis.com/main/branch/38/5348552838746648/common', 'https://i8.photo.2gis.com/main/geo/38/5348660212704755/view']",8.7
"Евразия, рестораны японской и европейской кухни","Захарьевская улица, 27","{'lat': 59.947527, 'lon': 30.359758}",4.5,232.0,"['Суши-бары', 'Рестораны', 'Доставка еды', 'Бары']",Средний чек 1000 ₽,"['Азиатская кухня', 'Европейская кухня']","['Суши', 'Лапша wok', 'Пельмени', 'Поке', 'Стейки', 'Салаты', 'Супы', 'Блюда на гриле', 'Кесадилья']","['https://i9.photo.2gis.com/main/branch/38/70000001062921545/common', 'https://i0.photo.2gis.com/main/geo/38/5348660212707619/view']",15.4
"Kиdo, суши-бар","Суворовский проспект, 51","{'lat': 59.940151, 'lon': 30.37851}",3.3,23.0,"['Суши-бары', 'Кафе', 'Доставка еды']",Средний чек 2000 ₽,['Японская кухня'],"['Суши', 'Рамен', 'Том-Ям', 'Салаты', 'Супы']","['https://i4.photo.2gis.com/main/branch/38/70000001007039819/common', 'https://i6.photo.2gis.com/main/geo/38/5348660212710075/view']",9.9
"Суши Wok, суши-бар","Восстания, 10","{'lat': 59.935499, 'lon': 30.359995}",4.0,235.0,"['Суши-бары', 'Доставка еды', 'Быстрое питание']",Средний чек 500 ₽,['Японская кухня'],"['Суши', 'Лапша wok', 'Рис wok', 'Салаты', 'Супы']","['https://i9.photo.2gis.com/main/branch/38/5348553838789686/common', 'https://i4.photo.2gis.com/main/geo/38/5348660212794745/view']",11.9
"Benshi, суши-бар","Невский проспект, 67","{'lat': 59.931776, 'lon': 30.353661}",4.5,66.0,"['Суши-бары', 'Кафе', 'Доставка еды']",Средний чек 600 ₽,['Паназиатская кухня'],"['Суши', 'Лапша wok', 'Рис wok', 'Поке', 'Том-Ям', 'Супы', 'Гёдза']","['https://i3.photo.2gis.com/main/branch/38/70000001068637011/common', 'https://i2.photo.2gis.com/main/geo/38/5348660212721459/view']",18.8
"Мисо, ресторан","Суворовский проспект, 15","{'lat': 59.934988, 'lon': 30.371376}",4.3,174.0,"['Суши-бары', 'Рестораны', 'Доставка еды', 'Кафе']",Средний чек 1200 ₽,['Азиатская кухня'],"['Суши', 'Лапша wok', 'Рамен', 'Рис wok', 'Поке', 'Стейки', 'Том-Ям', 'Салаты', 'Супы', 'Куриные крылышки', 'Боулы']","['https://i5.photo.2gis.com/main/branch/38/5348552838507557/common', 'https://i1.photo.2gis.com/main/geo/38/5348660212707481/view']",8.9
"Суши Wok, суши-бар","8-я Советская улица, 43","{'lat': 59.934813, 'lon': 30.378526}",3.8,84.0,"['Суши-бары', 'Доставка еды', 'Быстрое питание']",Средний чек 500 ₽,['Японская кухня'],"['Суши', 'Лапша wok', 'Рис wok', 'Салаты', 'Супы']","['https://i3.photo.2gis.com/main/branch/38/70000001028135816/common', 'https://i5.photo.2gis.com/main/geo/38/5348660212708590/view']",10.6
Тихий sushi lab,"Лиговский проспект, 30","{'lat': 59.927913, 'lon': 30.3607}",3.4,63.0,"['Суши-бары', 'Быстрое питание']",Средний чек 800 ₽,['Японская кухня'],"['Суши в меню', 'Рамен', 'Том-Ям']",['https://i8.photo.2gis.com/main/branch/38/70000001039920965/common'],19.5
"Сушишоп, магазин суши","Невский проспект, 87","{'lat': 59.930579, 'lon': 30.36367}",4.5,80.0,"['Суши-бары', 'Быстрое питание', 'Доставка еды']",Средний чек 450 ₽,['Японская кухня'],"['Суши', 'Лапша wok', 'Рис wok', 'Том-Ям']","['https://i5.photo.2gis.com/main/branch/38/70000001066873613/common', 'https://i1.photo.2gis.com/main/geo/38/5348660212805011/view']",14.8
"Сербия, ресторан","Суворовский проспект, 36","{'lat': 59.940737, 'lon': 30.378836}",5.0,67.0,['Рестораны'],Средний чек 800 ₽,['Сербская кухня'],"['Бургеры', 'Пельмени', 'Салаты', 'Супы', 'Блюда на гриле', 'Колбаски']","['https://i1.photo.2gis.com/main/branch/38/70000001076212572/common', 'https://i9.photo.2gis.com/main/geo/38/5348660212708635/view']",10.2
"Шашлык хауз, кафе","Невский проспект, 128","{'lat': 59.931043, 'lon': 30.366603}",4.2,124.0,"['Кафе', 'Доставка еды']",Средний чек 600 ₽,"['Восточная кухня', 'Европейская кухня']","['Шашлык', 'Люля-кебаб', 'Салаты', 'Хачапури', 'Супы', 'Блюда на гриле', 'Куриные крылышки', 'Плов']","['https://i6.photo.2gis.com/main/branch/38/5348552840110283/common', 'https://i4.photo.2gis.com/main/geo/38/5348660212705798/view']",14.6
"Афрасиаб, кафе","проспект Бакунина, 7","{'lat': 59.929863, 'lon': 30.376233}",4.3,47.0,"['Кафе', 'Доставка еды']",Средний чек 400 ₽,"['Узбекская кухня', 'Восточная кухня', 'Кавказская кухня']","['Шашлык', 'Люля-кебаб', 'Салаты']","['https://i7.photo.2gis.com/main/branch/38/70000001045022384/common', 'https://i1.photo.2gis.com/main/geo/38/5348660212710669/view']",17.6
"Yalla, чайхана","Гончарная, 5","{'lat': 59.929909, 'lon': 30.363978}",3.2,55.0,"['Кафе', 'Доставка еды']",Средний чек 400 ₽,"['Восточная кухня', 'Халяльная кухня']","['Шашлык', 'Люля-кебаб', 'Лагман', 'Салаты', 'Супы', 'Плов']","['https://i9.photo.2gis.com/main/branch/38/70000001043166213/common', 'https://i2.photo.2gis.com/main/geo/38/5348660212713690/view']",15.9
"Ketch up, ресторан","Литейный проспект, 59","{'lat': 59.934068, 'lon': 30.347712}",4.2,287.0,"['Кафе', 'Доставка еды']",Средний чек 1200 ₽,['Американская кухня'],"['Бургеры', 'Стейки', 'Том-Ям', 'Салаты', 'Супы', 'Блюда на гриле', 'Фиш энд чипс', 'Кесадилья']","['https://i3.photo.2gis.com/main/branch/38/70000001006619235/common', 'https://i4.photo.2gis.com/main/geo/38/5348660212693066/view']",21.8
"Мясорубка Angus, бургерная","Литейный проспект, 31","{'lat': 59.941475, 'lon': 30.348172}",4.7,329.0,"['Кафе', 'Доставка еды', 'Быстрое питание']",Средний чек 1500 ₽,"['Европейская кухня', 'Американская кухня']","['Бургеры', 'Стейки', 'Том-Ям', 'Салаты']","['https://i5.photo.2gis.com/main/branch/38/70000001042046208/common', 'https://i2.photo.2gis.com/main/geo/38/5348660212695705/view']",17.5
Чайная ложка,"Невский проспект, 136","{'lat': 59.929841, 'lon': 30.368311}",4.7,140.0,"['Быстрое питание', 'Доставка еды']",Средний чек 320 ₽,"['Русская кухня', 'Домашняя кухня']","['Салаты', 'Супы']","['https://i0.photo.2gis.com/main/branch/38/70000001074375029/common', 'https://i1.photo.2gis.com/main/geo/38/5348660212705786/view']",16.8
"Лавашная Хачапурная, кулинария","Суворовский проспект, 26","{'lat': 59.937448, 'lon': 30.37355}",4.3,16.0,"['Быстрое питание', 'Пекарни']",Средний чек 380 ₽,"['Узбекская кухня', 'Восточная кухня']","['Шаурма', 'Пицца', 'Хинкали', 'Хачапури']","['https://i7.photo.2gis.com/main/branch/38/70000001044669814/common', 'https://i1.photo.2gis.com/main/geo/38/5348660212708338/view']",5.9
"Мясонская ложа, стейк-бар","Рылеева, 23","{'lat': 59.942335, 'lon': 30.358375}",4.8,578.0,['Рестораны'],Средний чек 1500 ₽,"['Европейская кухня', 'Американская кухня']","['Бургеры', 'Рамен', 'Стейки', 'Том-Ям', 'Супы', 'Блюда на гриле', 'Колбаски']","['https://i2.photo.2gis.com/main/branch/38/70000001031338380/common', 'https://i6.photo.2gis.com/main/geo/38/5348660212694898/view']",9.5
"Myasoedoff, гриль-бар","Литейный проспект, 18/2","{'lat': 59.944172, 'lon': 30.349043}",4.7,216.0,['Рестораны'],Средний чек 550 ₽,"['Кавказская кухня', 'Европейская кухня', 'Американская кухня']","['Шаурма', 'Шашлык', 'Бургеры', 'Стейки', 'Люля-кебаб', 'Салаты', 'Супы', 'Блюда на гриле', 'Колбаски']","['https://i2.photo.2gis.com/main/branch/38/70000001066005941/common', 'https://i8.photo.2gis.com/main/geo/38/5348660212691785/view']",17.5
"Harbor, ресторан ","9-я Советская улица, 3","{'lat': 59.938559, 'lon': 30.370694}",4.6,7.0,"['Рестораны', 'Доставка еды']",Средний чек 1600 ₽,"['Европейская кухня', 'Американская кухня']","['Бургеры', 'Пельмени', 'Стейки', 'Салаты', 'Супы', 'Куриные крылышки', 'Мидии']","['https://i7.photo.2gis.com/main/branch/38/70000001062703679/common', 'https://i7.photo.2gis.com/main/geo/38/5348660212708350/view']",3.4
